,loan primary key,saving account key,checking account key,credit key,installment key,customer key,purpose key,other guarantors dimension key,property key,duration,loan_amt,good_risk
0,1,1,1,1,1,1,1,1,1,6,1169,True
1,2,2,2,2,2,2,1,2,2,48,5951,False
2,3,2,3,3,3,3,2,3,3,12,2096,True
3,4,2,1,4,4,4,3,4,4,42,7882,True
4,5,2,1,5,5,5,4,5,5,24,4870,False
5,6,1,3,6,6,6,2,6,6,36,9055,True
6,7,3,3,7,7,7,3,7,7,24,2835,True
7,8,2,2,8,8,8,5,8,8,36,6948,True
8,9,4,3,9,9,9,1,9,9,12,3059,True
9,10,2,2,10,10,10,4,10,10,30,5234,False
10,11,2,2,11,11,11,4,11,11,12,1295,False
11,12,2,1,12,12,12,6,12,12,48,4308,False
12,13,2,2,13,13,13,1,13,13,12,1567,True
13,14,2,1,14,14,14,4,14,14,24,1199,False
14,15,2,1,15,15,15,4,15,15,15,1403,True
15,16,5,1,16,16,16,1,16,16,24,1282,False
16,17,1,3,17,17,17,1,17,17,24,2424,True
17,18,1,1,18,18,18,6,18,18,30,8072,True
18,19,2,2,19,19,19,5,19,19,24,12579,False
19,20,3,3,20,20,20,1,20,20,24,3430,True
20,21,2,3,21,21,21,4,21,21,9,2134,True
21,22,3,1,22,22,22,1,22,22,6,2647,True
22,23,2,1,23,23,23,4,23,23,10,2241,True
23,24,5,2,24,24,24,5,24,24,12,1804,True
24,25,1,3,25,25,25,3,25,25,10,2069,True
25,26,2,1,26,26,26,3,26,26,6,1374,True
26,27,2,3,27,27,27,1,27,27,6,426,True
27,28,4,4,28,28,28,1,28,28,12,409,True
28,29,2,2,29,29,29,1,29,29,7,2415,True
29,30,2,1,30,30,30,6,30,30,60,6836,False
30,31,4,2,31,31,31,6,31,31,18,1913,True
31,32,2,1,32,32,32,3,32,32,24,4020,True
32,33,5,2,33,33,33,4,33,33,18,5866,True
33,34,1,3,34,34,34,6,34,34,12,1264,True
34,35,2,4,35,35,35,3,35,35,12,1474,True
35,36,2,2,36,36,36,1,36,36,45,4746,False
36,37,2,3,37,37,37,2,37,37,48,6110,True
37,38,2,4,38,38,38,1,38,38,18,2100,False
38,39,2,4,39,39,39,7,39,39,10,1225,True
39,40,2,2,40,40,40,1,40,40,9,458,True
40,41,3,3,41,41,41,1,41,41,30,2333,True
41,42,3,2,42,42,42,1,42,42,12,1158,True
42,43,2,2,43,43,43,8,43,43,18,6204,True
43,44,5,1,44,44,44,5,44,44,30,6187,True
44,45,2,1,45,45,45,5,45,45,48,6143,False
45,46,2,3,46,46,46,4,46,46,11,1393,True
46,47,3,3,47,47,47,1,47,47,36,2299,True
47,48,3,1,48,48,48,5,48,48,6,1352,True
48,49,2,3,49,49,49,4,49,49,11,7228,True
49,50,5,3,50,50,50,1,50,50,12,2073,True
50,51,1,2,51,51,51,3,51,51,24,2333,True
51,52,2,2,52,52,52,5,52,52,27,5965,True
52,53,2,3,53,53,53,1,53,53,12,1262,True
53,54,1,3,54,54,54,5,54,54,18,3378,True
54,55,2,2,55,55,55,4,55,55,36,2225,False
55,56,1,3,56,56,56,4,56,56,6,783,True
56,57,1,2,57,57,57,1,57,57,12,6468,False
57,58,2,3,58,58,58,1,58,58,36,9566,True
58,59,2,4,59,59,59,4,59,59,18,1961,True
59,60,2,1,60,60,60,3,60,60,36,6229,False
60,61,2,2,61,61,61,6,61,61,9,1391,True
61,62,1,2,62,62,62,1,62,62,15,1537,True
62,63,2,2,63,63,63,6,63,63,36,1953,False
63,64,2,2,64,64,64,6,64,64,48,14421,False
64,65,2,3,65,65,65,1,65,65,24,3181,True
65,66,1,3,66,66,66,8,66,66,27,5190,True
66,67,2,3,67,67,67,1,67,67,12,2171,True
67,68,4,2,68,68,68,4,68,68,12,1007,True
68,69,2,3,69,69,69,2,69,69,36,1819,False
69,70,1,3,70,70,70,1,70,70,36,2394,True
70,71,2,3,71,71,71,5,71,71,36,8133,True
71,72,1,3,72,72,72,1,72,72,7,730,True
72,73,2,1,73,73,73,10,73,73,8,1164,True
73,74,2,2,74,74,74,6,74,74,42,5954,True
74,75,1,1,75,75,75,2,75,75,36,1977,False
75,76,2,1,76,76,76,5,76,76,12,1526,True
76,77,2,1,77,77,77,1,77,77,42,3965,False
77,78,2,2,78,78,78,1,78,78,11,4771,True
78,79,1,3,79,79,79,5,79,79,54,9436,True
79,80,2,2,80,80,80,3,80,80,30,3832,True
80,81,1,3,81,81,81,1,81,81,24,5943,False
81,82,3,3,82,82,82,1,82,82,15,1213,True
82,83,5,3,83,83,83,6,83,83,18,1568,True
83,84,2,1,84,84,84,10,84,84,24,1755,True
84,85,2,1,85,85,85,1,85,85,10,2315,True
85,86,2,3,86,86,86,6,86,86,12,1412,True
86,87,2,2,87,87,87,3,87,87,18,1295,True
87,88,5,2,88,88,88,2,88,88,36,12612,False
88,89,5,1,89,89,89,4,89,89,18,2249,True
89,90,2,1,90,90,90,8,90,90,12,1108,False
90,91,2,3,91,91,91,1,91,91,12,618,True
91,92,2,1,92,92,92,5,92,92,12,1409,True
92,93,1,3,93,93,93,1,93,93,12,797,False
93,94,1,4,94,94,94,3,94,94,24,3617,True
94,95,4,2,95,95,95,4,95,95,12,1318,True
95,96,2,2,96,96,96,6,96,96,54,15945,False
96,97,1,3,97,97,97,2,97,97,12,2012,True
97,98,5,2,98,98,98,6,98,98,18,2622,True
98,99,2,2,99,99,99,1,99,99,36,2337,True
99,100,1,2,100,100,100,5,100,100,20,7057,True
100,101,5,3,101,101,101,4,101,101,24,1469,True
101,102,2,2,102,102,102,1,102,102,36,2323,True
102,103,2,3,103,103,103,1,103,103,6,932,True
103,104,2,2,104,104,104,3,104,104,9,1919,True
104,105,1,3,105,105,105,5,105,105,12,2445,True
105,106,2,2,106,106,106,10,106,106,24,11938,False
106,107,2,3,107,107,107,4,107,107,18,6458,False
107,108,2,2,108,108,108,4,108,108,12,6078,True
108,109,1,1,109,109,109,3,109,109,24,7721,True
109,110,3,2,110,110,110,6,110,110,14,1410,True
110,111,5,2,111,111,111,6,111,111,6,1449,True
111,112,2,4,112,112,112,2,112,112,15,392,True
112,113,2,2,113,113,113,4,113,113,18,6260,True
113,114,2,3,114,114,114,4,114,114,36,7855,False
114,115,3,1,115,115,115,1,115,115,12,1680,True
115,116,1,3,116,116,116,1,116,116,48,3578,True
116,117,1,1,117,117,117,1,117,117,42,7174,False
117,118,1,1,118,118,118,3,118,118,10,2132,True
118,119,3,1,119,119,119,3,119,119,33,4281,False
119,120,3,2,120,120,120,4,120,120,12,2366,True
120,121,2,1,121,121,121,1,121,121,21,1835,False
121,122,2,3,122,122,122,5,122,122,24,3868,True
122,123,2,3,123,123,123,3,123,123,12,1768,True
123,124,2,4,124,124,124,4,124,124,10,781,True
124,125,1,2,125,125,125,3,125,125,18,1924,False
125,126,2,1,126,126,126,4,126,126,12,2121,True
126,127,2,1,127,127,127,1,127,127,12,701,True
127,128,2,2,128,128,128,8,128,128,12,639,False
128,129,2,2,129,129,129,5,129,129,12,1860,True
129,130,2,1,130,130,130,4,130,130,12,3499,False
130,131,1,2,131,131,131,4,131,131,48,8487,True
131,132,2,1,132,132,132,2,132,132,36,6887,False
132,133,2,3,133,133,133,3,133,133,15,2708,True
133,134,2,3,134,134,134,3,134,134,18,1984,True
134,135,5,3,135,135,135,1,135,135,60,10144,True
135,136,1,3,136,136,136,1,136,136,12,1240,True
136,137,4,3,137,137,137,5,137,137,27,8613,True
137,138,3,2,138,138,138,1,138,138,12,766,False
138,139,1,2,139,139,139,1,139,139,15,2728,True
139,140,2,4,140,140,140,1,140,140,12,1881,True
140,141,4,4,141,141,141,4,141,141,6,709,True
141,142,2,2,142,142,142,1,142,142,36,4795,True
142,143,2,1,143,143,143,1,143,143,27,3416,True
143,144,2,1,144,144,144,3,144,144,18,2462,False
144,145,2,3,145,145,145,3,145,145,21,2288,True
145,146,5,2,146,146,146,6,146,146,48,3566,True
146,147,2,1,147,147,147,4,147,147,6,860,True
147,148,5,3,148,148,148,4,148,148,12,682,True
148,149,2,1,149,149,149,3,149,149,36,5371,True
149,150,4,3,150,150,150,1,150,150,18,1582,True
150,151,5,3,151,151,151,1,151,151,6,1346,True
151,152,2,3,152,152,152,1,152,152,10,1924,True
152,153,2,4,153,153,153,1,153,153,36,5848,True
153,154,4,2,154,154,154,5,154,154,24,7758,True
154,155,5,2,155,155,155,6,155,155,24,6967,True
155,156,2,1,156,156,156,3,156,156,12,1282,False
156,157,5,1,157,157,157,8,157,157,9,1288,True
157,158,2,1,158,158,158,9,158,158,12,339,True
158,159,5,2,159,159,159,4,159,159,24,3512,True
159,160,1,3,160,160,160,1,160,160,6,1898,True
160,161,5,3,161,161,161,1,161,161,24,2872,True
161,162,2,3,162,162,162,4,162,162,18,1055,True
162,163,3,3,163,163,163,7,163,163,15,1262,True
163,164,2,2,164,164,164,4,164,164,10,7308,True
164,165,3,3,165,165,165,4,165,165,36,909,True
165,166,3,3,166,166,166,3,166,166,6,2978,True
166,167,2,1,167,167,167,3,167,167,18,1131,False
167,168,4,2,168,168,168,3,168,168,11,1577,True
168,169,2,3,169,169,169,3,169,169,24,3972,True
169,170,2,2,170,170,170,6,170,170,24,1935,False
170,171,2,1,171,171,171,4,171,171,15,950,False
171,172,2,3,172,172,172,3,172,172,12,763,True
172,173,2,2,173,173,173,3,173,173,24,2064,False
173,174,2,2,174,174,174,1,174,174,8,1414,True
174,175,2,1,175,175,175,2,175,175,21,3414,False
175,176,1,3,176,176,176,5,176,176,30,7485,False
176,177,2,1,177,177,177,3,177,177,12,2577,True
177,178,3,1,178,178,178,1,178,178,6,338,True
178,179,2,3,179,179,179,1,179,179,12,1963,True
179,180,2,1,180,180,180,4,180,180,21,571,True
180,181,2,3,181,181,181,6,181,181,36,9572,False
181,182,2,2,182,182,182,6,182,182,36,4455,False
182,183,1,1,183,183,183,4,183,183,21,1647,False
183,184,4,3,184,184,184,3,184,184,24,3777,True
184,185,2,2,185,185,185,4,185,185,18,884,False
185,186,2,3,186,186,186,1,186,186,15,1360,True
186,187,2,2,187,187,187,5,187,187,9,5129,False
187,188,2,2,188,188,188,4,188,188,16,1175,True
188,189,5,1,189,189,189,1,189,189,12,674,False
189,190,2,2,190,190,190,3,190,190,18,3244,True
190,191,4,3,191,191,191,6,191,191,24,4591,False
191,192,5,2,192,192,192,6,192,192,48,3844,False
192,193,2,2,193,193,193,6,193,193,27,3915,False
193,194,2,3,194,194,194,1,194,194,6,2108,True
194,195,5,2,195,195,195,1,195,195,45,3031,False
195,196,2,2,196,196,196,2,196,196,9,1501,False
196,197,2,3,197,197,197,1,197,197,6,1382,True
197,198,5,2,198,198,198,3,198,198,12,951,False
198,199,1,2,199,199,199,5,199,199,24,2760,True
199,200,2,2,200,200,200,3,200,200,18,4297,False
200,201,3,3,201,201,201,2,201,201,9,936,True
201,202,2,1,202,202,202,4,202,202,12,1168,True
202,203,2,3,203,203,203,6,203,203,27,5117,True
203,204,2,1,204,204,204,9,204,204,12,902,False
204,205,2,3,205,205,205,4,205,205,12,1495,True
205,206,2,1,206,206,206,5,206,206,30,10623,True
206,207,2,3,207,207,207,3,207,207,12,1935,True
207,208,2,2,208,208,208,7,208,208,12,1424,True
208,209,2,1,209,209,209,6,209,209,24,6568,True
209,210,4,3,210,210,210,5,210,210,12,1413,True
210,211,1,3,211,211,211,1,211,211,9,3074,True
211,212,1,3,212,212,212,1,212,212,36,3835,True
212,213,2,1,213,213,213,6,213,213,27,5293,False
213,214,2,4,214,214,214,6,214,214,30,1908,False
214,215,1,3,215,215,215,1,215,215,36,3342,True
215,216,1,2,216,216,216,9,216,216,6,932,True
216,217,2,1,217,217,217,6,217,217,18,3104,True
217,218,2,4,218,218,218,1,218,218,36,3913,True
218,219,2,1,219,219,219,3,219,219,24,3021,True
219,220,2,3,220,220,220,4,220,220,10,1364,True
220,221,2,2,221,221,221,1,221,221,12,625,True
221,222,1,1,222,222,222,2,222,222,12,1200,True
222,223,2,3,223,223,223,1,223,223,12,707,True
223,224,1,3,224,224,224,6,224,224,24,2978,True
224,225,2,3,225,225,225,5,225,225,15,4657,True
225,226,2,3,226,226,226,8,226,226,36,2613,True
226,227,4,2,227,227,227,1,227,227,48,10961,False
227,228,2,1,228,228,228,3,228,228,12,7865,False
228,229,2,3,229,229,229,1,229,229,9,1478,False
229,230,2,1,230,230,230,3,230,230,24,3149,True
230,231,2,4,231,231,231,1,231,231,36,4210,False
231,232,3,3,232,232,232,4,232,232,9,2507,True
232,233,5,3,233,233,233,1,233,233,12,2141,True
233,234,2,2,234,234,234,1,234,234,18,866,True
234,235,2,3,235,235,235,1,235,235,4,1544,True
235,236,2,1,236,236,236,1,236,236,24,1823,False
236,237,1,2,237,237,237,4,237,237,6,14555,False
237,238,5,2,238,238,238,6,238,238,21,2767,False
238,239,2,3,239,239,239,1,239,239,12,1291,True
239,240,2,1,240,240,240,1,240,240,30,2522,True
240,241,1,1,241,241,241,4,241,241,24,915,False
241,242,2,3,242,242,242,1,242,242,6,1595,True
242,243,2,1,243,243,243,5,243,243,48,4605,False
243,244,2,3,244,244,244,6,244,244,12,1185,True
244,245,3,3,245,245,245,9,245,245,12,3447,True
245,246,2,3,246,246,246,6,246,246,24,1258,True
246,247,2,3,247,247,247,1,247,247,12,717,True
247,248,5,3,248,248,248,4,248,248,6,1204,True
248,249,2,4,249,249,249,3,249,249,24,1925,True
249,250,2,3,250,250,250,1,250,250,18,433,False
250,251,4,1,251,251,251,4,251,251,6,666,True
251,252,2,4,252,252,252,3,252,252,12,2251,True
252,253,2,2,253,253,253,4,253,253,30,2150,False
253,254,5,3,254,254,254,3,254,254,24,4151,True
254,255,1,2,255,255,255,3,255,255,9,2030,True
255,256,1,2,256,256,256,1,256,256,60,7418,True
256,257,2,3,257,257,257,1,257,257,24,2684,True
257,258,2,1,258,258,258,1,258,258,12,2149,False
258,259,5,3,259,259,259,5,259,259,15,3812,True
259,260,5,3,260,260,260,1,260,260,11,1154,True
260,261,2,1,261,261,261,3,261,261,12,1657,True
261,262,2,1,262,262,262,1,262,262,24,1603,True
262,263,2,1,263,263,263,4,263,263,18,5302,True
263,264,2,3,264,264,264,2,264,264,12,2748,True
264,265,2,3,265,265,265,4,265,265,10,1231,True
265,266,2,2,266,266,266,1,266,266,15,802,False
266,267,1,3,267,267,267,6,267,267,36,6304,True
267,268,2,3,268,268,268,1,268,268,24,1533,True
268,269,2,1,269,269,269,4,269,269,14,8978,False
269,270,1,3,270,270,270,1,270,270,24,999,True
270,271,1,3,271,271,271,4,271,271,18,2662,True
271,272,3,3,272,272,272,3,272,272,12,1402,True
272,273,1,2,273,273,273,4,273,273,48,12169,True
273,274,2,2,274,274,274,1,274,274,48,3060,False
274,275,2,1,275,275,275,8,275,275,30,11998,False
275,276,2,3,276,276,276,1,276,276,9,2697,True
276,277,2,3,277,277,277,1,277,277,18,2404,True
277,278,1,1,278,278,278,3,278,278,12,1262,True
278,279,2,3,279,279,279,3,279,279,6,4611,False
279,280,5,3,280,280,280,1,280,280,24,1901,True
280,281,4,3,281,281,281,5,281,281,15,3368,True
281,282,2,3,282,282,282,3,282,282,12,1574,True
282,283,1,4,283,283,283,1,283,283,18,1445,True
283,284,1,3,284,284,284,3,284,284,15,1520,True
284,285,5,2,285,285,285,4,285,285,24,3878,True
285,286,2,1,286,286,286,4,286,286,47,10722,True
286,287,2,1,287,287,287,5,287,287,48,4788,True
287,288,5,2,288,288,288,10,288,288,48,7582,True
288,289,2,2,289,289,289,1,289,289,12,1092,True
289,290,2,1,290,290,290,1,290,290,24,1024,False
290,291,2,3,291,291,291,6,291,291,12,1076,True
291,292,2,2,292,292,292,5,292,292,36,9398,False
292,293,2,1,293,293,293,5,293,293,24,6419,True
293,294,2,4,294,294,294,5,294,294,42,4796,True
294,295,1,3,295,295,295,6,295,295,48,7629,True
295,296,2,2,296,296,296,3,296,296,48,9960,False
296,297,1,3,297,297,297,5,297,297,12,4675,True
297,298,1,3,298,298,298,4,298,298,10,1287,True
298,299,2,3,299,299,299,3,299,299,18,2515,True
299,300,4,2,300,300,300,3,300,300,21,2745,True
300,301,2,3,301,301,301,4,301,301,6,672,True
301,302,2,2,302,302,302,1,302,302,36,3804,False
302,303,1,4,303,303,303,4,303,303,24,1344,False
303,304,2,1,304,304,304,4,304,304,10,1038,True
304,305,3,3,305,305,305,4,305,305,48,10127,False
305,306,4,3,306,306,306,3,306,306,6,1543,True
306,307,1,3,307,307,307,5,307,307,30,4811,True
307,308,5,1,308,308,308,1,308,308,12,727,False
308,309,2,2,309,309,309,3,309,309,8,1237,False
309,310,2,2,310,310,310,4,310,310,9,276,True
310,311,1,2,311,311,311,10,311,311,48,5381,True
311,312,5,3,312,312,312,3,312,312,24,5511,True
312,313,2,4,313,313,313,3,313,313,24,3749,True
313,314,2,2,314,314,314,4,314,314,12,685,False
314,315,1,4,315,315,315,4,315,315,4,1494,True
315,316,2,1,316,316,316,3,316,316,36,2746,False
316,317,2,1,317,317,317,3,317,317,12,708,True
317,318,1,2,318,318,318,3,318,318,24,4351,True
318,319,2,3,319,319,319,2,319,319,12,701,True
319,320,2,1,320,320,320,3,320,320,15,3643,True
320,321,2,2,321,321,321,4,321,321,30,4249,False
321,322,2,1,322,322,322,1,322,322,24,1938,False
322,323,2,1,323,323,323,5,323,323,24,2910,True
323,324,4,1,324,324,324,3,324,324,18,2659,True
324,325,2,3,325,325,325,4,325,325,18,1028,True
325,326,2,1,326,326,326,4,326,326,8,3398,True
326,327,1,3,327,327,327,3,327,327,12,5801,True
327,328,4,3,328,328,328,4,328,328,24,1525,True
328,329,2,4,329,329,329,1,329,329,36,4473,True
329,330,2,2,330,330,330,1,330,330,6,1068,True
330,331,2,1,331,331,331,5,331,331,24,6615,True
331,332,5,3,332,332,332,2,332,332,18,1864,False
332,333,5,2,333,333,333,4,333,333,60,7408,False
333,334,5,3,334,334,334,5,334,334,48,11590,False
334,335,2,1,335,335,335,3,335,335,24,4110,False
335,336,2,1,336,336,336,3,336,336,6,3384,False
336,337,2,2,337,337,337,1,337,337,13,2101,True
337,338,1,1,338,338,338,7,338,338,15,1275,False
338,339,2,1,339,339,339,3,339,339,24,4169,True
339,340,2,2,340,340,340,3,340,340,10,1521,True
340,341,2,2,341,341,341,2,341,341,24,5743,True
341,342,2,1,342,342,342,3,342,342,21,3599,True
342,343,3,2,343,343,343,1,343,343,18,3213,True
343,344,2,2,344,344,344,6,344,344,18,4439,True
344,345,2,4,345,345,345,4,345,345,10,3949,True
345,346,2,3,346,346,346,1,346,346,15,1459,True
346,347,2,2,347,347,347,1,347,347,13,882,True
347,348,3,2,348,348,348,1,348,348,24,3758,True
348,349,5,3,349,349,349,6,349,349,6,1743,True
349,350,4,2,350,350,350,2,350,350,9,1136,False
350,351,2,3,351,351,351,7,351,351,9,1236,True
351,352,2,2,352,352,352,3,352,352,9,959,False
352,353,1,3,353,353,353,5,353,353,18,3229,True
353,354,2,1,354,354,354,1,354,354,12,6199,False
354,355,3,3,355,355,355,2,355,355,10,727,True
355,356,2,2,356,356,356,4,356,356,24,1246,False
356,357,1,3,357,357,357,1,357,357,12,2331,True
357,358,2,3,358,358,358,1,358,358,36,4463,False
358,359,2,3,359,359,359,1,359,359,12,776,True
359,360,2,1,360,360,360,3,360,360,30,2406,False
360,361,1,2,361,361,361,2,361,361,18,1239,True
361,362,1,4,362,362,362,1,362,362,12,3399,True
362,363,2,4,363,363,363,4,363,363,12,2247,True
363,364,2,3,364,364,364,3,364,364,6,1766,True
364,365,2,1,365,365,365,3,365,365,18,2473,False
365,366,2,3,366,366,366,6,366,366,12,1542,True
366,367,2,3,367,367,367,5,367,367,18,3850,True
367,368,2,1,368,368,368,3,368,368,18,3650,True
368,369,2,1,369,369,369,3,369,369,36,3446,False
369,370,2,2,370,370,370,3,370,370,18,3001,True
370,371,1,3,371,371,371,4,371,371,36,3079,True
371,372,2,3,372,372,372,1,372,372,18,6070,True
372,373,2,3,373,373,373,3,373,373,10,2146,True
373,374,1,3,374,374,374,4,374,374,60,13756,True
374,375,5,2,375,375,375,10,375,375,60,14782,False
375,376,2,1,376,376,376,6,376,376,48,7685,False
376,377,2,3,377,377,377,1,377,377,18,2320,True
377,378,1,3,378,378,378,1,378,378,7,846,True
378,379,2,2,379,379,379,4,379,379,36,14318,False
379,380,5,3,380,380,380,4,380,380,6,362,True
380,381,1,1,381,381,381,3,381,381,20,2212,True
381,382,2,2,382,382,382,5,382,382,18,12976,False
382,383,1,3,383,383,383,4,383,383,22,1283,True
383,384,2,4,384,384,384,4,384,384,12,1330,True
384,385,5,3,385,385,385,6,385,385,30,4272,True
385,386,2,3,386,386,386,1,386,386,18,2238,True
386,387,1,3,387,387,387,1,387,387,18,1126,True
387,388,2,2,388,388,388,3,388,388,18,7374,True
388,389,3,2,389,389,389,6,389,389,15,2326,True
389,390,2,3,390,390,390,6,390,390,9,1449,True
390,391,2,3,391,391,391,4,391,391,18,1820,True
391,392,4,2,392,392,392,3,392,392,12,983,True
392,393,2,1,393,393,393,4,393,393,36,3249,True
393,394,2,1,394,394,394,1,394,394,6,1957,True
394,395,2,3,395,395,395,3,395,395,9,2406,True
395,396,5,2,396,396,396,2,396,396,39,11760,True
396,397,2,1,397,397,397,3,397,397,12,2578,True
397,398,2,1,398,398,398,3,398,398,36,2348,True
398,399,2,2,399,399,399,4,399,399,12,1223,False
399,400,4,3,400,400,400,1,400,400,24,1516,True
400,401,2,3,401,401,401,1,401,401,18,1473,True
401,402,1,2,402,402,402,6,402,402,18,1887,True
402,403,2,3,403,403,403,6,403,403,24,8648,False
403,404,2,3,404,404,404,4,404,404,14,802,True
404,405,1,2,405,405,405,4,405,405,18,2899,True
405,406,2,2,406,406,406,1,406,406,24,2039,False
406,407,1,3,407,407,407,5,407,407,24,2197,True
407,408,2,1,408,408,408,1,408,408,15,1053,True
408,409,3,3,409,409,409,1,409,409,24,3235,True
409,410,3,4,410,410,410,4,410,410,12,939,False
410,411,2,2,411,411,411,1,411,411,24,1967,True
411,412,2,3,412,412,412,5,412,412,33,7253,True
412,413,2,3,413,413,413,6,413,413,12,2292,False
413,414,3,3,414,414,414,4,414,414,10,1597,True
414,415,1,1,415,415,415,4,415,415,24,1381,False
415,416,2,3,416,416,416,5,416,416,36,5842,True
416,417,2,1,417,417,417,4,417,417,12,2579,False
417,418,1,1,418,418,418,2,418,418,18,8471,True
418,419,3,3,419,419,419,4,419,419,21,2782,True
419,420,1,2,420,420,420,4,420,420,18,1042,False
420,421,4,3,421,421,421,4,421,421,15,3186,True
421,422,1,2,422,422,422,5,422,422,12,2028,True
422,423,2,2,423,423,423,4,423,423,12,958,True
423,424,5,3,424,424,424,3,424,424,21,1591,True
424,425,1,2,425,425,425,3,425,425,12,2762,False
425,426,2,2,426,426,426,5,426,426,18,2779,True
426,427,2,3,427,427,427,1,427,427,28,2743,True
427,428,4,3,428,428,428,1,428,428,18,1149,True
428,429,2,3,429,429,429,3,429,429,9,1313,True
429,430,2,1,430,430,430,8,430,430,18,1190,False
430,431,2,3,431,431,431,6,431,431,5,3448,True
431,432,2,2,432,432,432,10,432,432,24,11328,False
432,433,2,1,433,433,433,3,433,433,6,1872,True
433,434,2,3,434,434,434,8,434,434,24,2058,True
434,435,2,1,435,435,435,3,435,435,9,2136,True
435,436,1,2,436,436,436,1,436,436,12,1484,False
436,437,3,3,437,437,437,8,437,437,6,660,True
437,438,4,3,438,438,438,4,438,438,24,1287,True
438,439,2,1,439,439,439,8,439,439,42,3394,True
439,440,2,4,440,440,440,6,440,440,12,609,False
440,441,2,3,441,441,441,4,441,441,12,1884,True
441,442,2,1,442,442,442,3,442,442,12,1620,True
442,443,2,2,443,443,443,10,443,443,20,2629,True
443,444,2,3,444,444,444,2,444,444,12,719,False
444,445,2,2,445,445,445,3,445,445,48,5096,False
445,446,1,3,446,446,446,2,446,446,9,1244,True
446,447,2,1,447,447,447,4,447,447,36,1842,False
447,448,2,2,448,448,448,1,448,448,7,2576,True
448,449,1,4,449,449,449,3,449,449,12,1424,True
449,450,4,2,450,450,450,8,450,450,15,1512,False
450,451,1,3,451,451,451,5,451,451,36,11054,True
451,452,2,3,452,452,452,1,452,452,6,518,True
452,453,2,3,453,453,453,3,453,453,12,2759,True
453,454,2,3,454,454,454,5,454,454,24,2670,True
454,455,2,1,455,455,455,4,455,455,24,4817,False
455,456,2,3,456,456,456,5,456,456,24,2679,True
456,457,2,1,457,457,457,4,457,457,11,3905,True
457,458,2,1,458,458,458,5,458,458,12,3386,False
458,459,2,1,459,459,459,7,459,459,6,343,True
459,460,2,3,460,460,460,1,460,460,18,4594,True
460,461,2,1,461,461,461,3,461,461,36,3620,True
461,462,2,1,462,462,462,4,462,462,15,1721,True
462,463,2,2,463,463,463,3,463,463,12,3017,True
463,464,1,2,464,464,464,9,464,464,12,754,True
464,465,2,3,465,465,465,6,465,465,18,1950,True
465,466,2,1,466,466,466,5,466,466,24,2924,True
466,467,2,1,467,467,467,1,467,467,24,1659,False
467,468,1,3,468,468,468,1,468,468,48,7238,True
468,469,2,3,469,469,469,6,469,469,33,2764,True
469,470,2,3,470,470,470,5,470,470,24,4679,True
470,471,5,2,471,471,471,1,471,471,24,3092,False
471,472,2,1,472,472,472,2,472,472,6,448,False
472,473,2,1,473,473,473,4,473,473,9,654,False
473,474,1,3,474,474,474,9,474,474,6,1238,True
474,475,2,2,475,475,475,1,475,475,18,1245,False
475,476,2,1,476,476,476,3,476,476,18,3114,False
476,477,3,3,477,477,477,5,477,477,39,2569,True
477,478,2,4,478,478,478,1,478,478,24,5152,True
478,479,5,2,479,479,479,6,479,479,12,1037,True
479,480,2,1,480,480,480,3,480,480,15,1478,True
480,481,2,2,481,481,481,1,481,481,12,3573,True
481,482,2,2,482,482,482,4,482,482,24,1201,True
482,483,4,1,483,483,483,3,483,483,30,3622,True
483,484,4,3,484,484,484,3,484,484,15,960,True
484,485,3,3,485,485,485,4,485,485,12,1163,True
485,486,2,2,486,486,486,4,486,486,6,1209,False
486,487,2,3,487,487,487,1,487,487,12,3077,True
487,488,2,3,488,488,488,4,488,488,24,3757,True
488,489,5,3,489,489,489,4,489,489,10,1418,True
489,490,2,3,490,490,490,4,490,490,6,3518,True
490,491,2,3,491,491,491,1,491,491,12,1934,True
491,492,2,2,492,492,492,6,492,492,27,8318,False
492,493,5,3,493,493,493,1,493,493,6,1237,True
493,494,1,2,494,494,494,1,494,494,6,368,True
494,495,2,1,495,495,495,4,495,495,12,2122,True
495,496,1,1,496,496,496,3,496,496,24,2996,False
496,497,5,2,497,497,497,3,497,497,36,9034,False
497,498,2,3,498,498,498,3,498,498,24,1585,True
498,499,2,2,499,499,499,1,499,499,18,1301,True
499,500,5,4,500,500,500,4,500,500,6,1323,True
500,501,2,1,501,501,501,4,501,501,24,3123,False
501,502,2,1,502,502,502,5,502,502,36,5493,True
502,503,5,4,503,503,503,1,503,503,9,1126,True
503,504,5,2,504,504,504,1,504,504,24,1216,False
504,505,2,1,505,505,505,4,505,505,24,1207,False
505,506,1,3,506,506,506,4,506,506,10,1309,False
506,507,3,4,507,507,507,5,507,507,15,2360,True
507,508,5,2,508,508,508,4,508,508,15,6850,False
508,509,2,3,509,509,509,1,509,509,24,1413,True
509,510,5,3,510,510,510,5,510,510,39,8588,True
510,511,2,1,511,511,511,4,511,511,12,759,False
511,512,2,3,512,512,512,5,512,512,36,4686,True
512,513,2,4,513,513,513,6,513,513,15,2687,True
513,514,2,2,514,514,514,1,514,514,12,585,True
514,515,1,3,515,515,515,4,515,515,24,2255,True
515,516,2,1,516,516,516,4,516,516,6,609,True
516,517,2,1,517,517,517,4,517,517,6,1361,True
517,518,2,3,518,518,518,3,518,518,36,7127,False
518,519,5,1,519,519,519,4,519,519,6,1203,True
519,520,1,3,520,520,520,1,520,520,6,700,True
520,521,2,3,521,521,521,8,521,521,24,5507,True
521,522,2,1,522,522,522,1,522,522,18,3190,False
522,523,2,1,523,523,523,3,523,523,48,7119,False
523,524,5,3,524,524,524,5,524,524,24,3488,True
524,525,2,2,525,525,525,1,525,525,18,1113,True
525,526,2,2,526,526,526,5,526,526,26,7966,True
526,527,5,3,527,527,527,2,527,527,15,1532,True
527,528,2,3,528,528,528,1,528,528,4,1503,True
528,529,2,1,529,529,529,1,529,529,36,2302,False
529,530,2,1,530,530,530,4,530,530,6,662,True
530,531,2,2,531,531,531,2,531,531,36,2273,True
531,532,5,2,532,532,532,4,532,532,15,2631,False
532,533,2,3,533,533,533,5,533,533,12,1503,True
533,534,5,3,534,534,534,1,534,534,24,1311,True
534,535,1,3,535,535,535,1,535,535,24,3105,True
535,536,2,4,536,536,536,2,536,536,21,2319,False
536,537,1,1,537,537,537,4,537,537,6,1374,True
537,538,2,2,538,538,538,3,538,538,18,3612,True
538,539,2,1,539,539,539,4,539,539,48,7763,False
539,540,2,4,540,540,540,3,540,540,18,3049,True
540,541,2,2,541,541,541,1,541,541,12,1534,False
541,542,2,3,542,542,542,4,542,542,24,2032,True
542,543,1,1,543,543,543,3,543,543,30,6350,False
543,544,2,4,544,544,544,3,544,544,18,2864,False
544,545,2,3,545,545,545,4,545,545,12,1255,True
545,546,2,1,546,546,546,4,546,546,24,1333,False
546,547,2,3,547,547,547,4,547,547,24,2022,True
547,548,2,3,548,548,548,1,548,548,24,1552,True
548,549,2,1,549,549,549,1,549,549,12,626,False
549,550,1,3,550,550,550,5,550,550,48,8858,True
550,551,1,3,551,551,551,8,551,551,12,996,True
551,552,3,3,552,552,552,1,552,552,6,1750,True
552,553,2,1,553,553,553,1,553,553,48,6999,False
553,554,5,2,554,554,554,4,554,554,12,1995,True
554,555,2,2,555,555,555,2,555,555,9,1199,True
555,556,2,2,556,556,556,1,556,556,12,1331,False
556,557,5,2,557,557,557,4,557,557,18,2278,False
557,558,1,3,558,558,558,4,558,558,21,5003,False
558,559,2,1,559,559,559,3,559,559,24,3552,False
559,560,2,2,560,560,560,3,560,560,18,1928,False
560,561,1,1,561,561,561,5,561,561,24,2964,True
561,562,2,1,562,562,562,1,562,562,24,1546,False
562,563,2,4,563,563,563,1,563,563,6,683,True
563,564,1,2,564,564,564,4,564,564,36,12389,False
564,565,1,2,565,565,565,6,565,565,24,4712,True
565,566,5,2,566,566,566,1,566,566,24,1553,True
566,567,2,1,567,567,567,4,567,567,12,1372,False
567,568,4,3,568,568,568,1,568,568,24,2578,True
568,569,1,2,569,569,569,1,569,569,48,3979,True
569,570,2,1,570,570,570,1,570,570,48,6758,False
570,571,2,1,571,571,571,3,571,571,24,3234,False
571,572,2,3,572,572,572,1,572,572,30,5954,True
572,573,1,3,573,573,573,5,573,573,24,5433,True
573,574,2,1,574,574,574,6,574,574,15,806,True
574,575,2,2,575,575,575,1,575,575,9,1082,True
575,576,2,3,576,576,576,3,576,576,15,2788,True
576,577,2,2,577,577,577,1,577,577,12,2930,True
577,578,1,3,578,578,578,2,578,578,24,1927,True
578,579,2,2,579,579,579,4,579,579,36,2820,False
579,580,2,3,580,580,580,9,580,580,24,937,True
580,581,2,2,581,581,581,4,581,581,18,1056,False
581,582,2,2,582,582,582,4,582,582,12,3124,True
582,583,2,3,583,583,583,3,583,583,9,1388,True
583,584,2,2,584,584,584,8,584,584,36,2384,False
584,585,1,3,585,585,585,4,585,585,12,2133,True
585,586,2,1,586,586,586,3,586,586,18,2039,False
586,587,2,1,587,587,587,4,587,587,9,2799,True
587,588,2,1,588,588,588,3,588,588,12,1289,True
588,589,2,1,589,589,589,7,589,589,18,1217,False
589,590,2,1,590,590,590,3,590,590,12,2246,False
590,591,2,1,591,591,591,1,591,591,12,385,True
591,592,1,2,592,592,592,4,592,592,24,1965,True
592,593,4,3,593,593,593,6,593,593,21,1572,True
593,594,2,2,594,594,594,4,594,594,24,2718,False
594,595,1,1,595,595,595,10,595,595,24,1358,False
595,596,5,2,596,596,596,4,596,596,6,931,False
596,597,2,1,597,597,597,4,597,597,24,1442,False
597,598,2,2,598,598,598,6,598,598,24,4241,False
598,599,2,3,599,599,599,4,599,599,18,2775,False
599,600,2,3,600,600,600,6,600,600,24,3863,True
600,601,2,2,601,601,601,1,601,601,7,2329,True
601,602,2,2,602,602,602,3,602,602,9,918,False
602,603,2,2,603,603,603,2,603,603,24,1837,False
603,604,2,3,604,604,604,3,604,604,36,3349,False
604,605,2,4,605,605,605,3,605,605,10,1275,True
605,606,3,1,606,606,606,3,606,606,24,2828,True
606,607,2,3,607,607,607,6,607,607,24,4526,True
607,608,5,2,608,608,608,1,608,608,36,2671,False
608,609,2,3,609,609,609,1,609,609,18,2051,True
609,610,1,3,610,610,610,5,610,610,15,1300,True
610,611,5,1,611,611,611,7,611,611,12,741,False
611,612,5,4,612,612,612,4,612,612,10,1240,False
612,613,4,1,613,613,613,1,613,613,21,3357,True
613,614,2,1,614,614,614,5,614,614,24,3632,True
614,615,2,3,615,615,615,3,615,615,18,1808,False
615,616,1,2,616,616,616,6,616,616,48,12204,True
616,617,1,2,617,617,617,1,617,617,60,9157,True
617,618,2,1,618,618,618,4,618,618,6,3676,True
618,619,5,2,619,619,619,3,619,619,30,3441,False
619,620,2,3,620,620,620,4,620,620,12,640,True
620,621,2,2,621,621,621,6,621,621,21,3652,True
621,622,2,3,622,622,622,4,622,622,18,1530,False
622,623,1,3,623,623,623,6,623,623,48,3914,False
623,624,2,1,624,624,624,3,624,624,12,1858,True
624,625,2,1,625,625,625,1,625,625,18,2600,False
625,626,1,3,626,626,626,1,626,626,15,1979,True
626,627,2,4,627,627,627,3,627,627,6,2116,True
627,628,5,2,628,628,628,4,628,628,9,1437,False
628,629,3,3,629,629,629,3,629,629,42,4042,True
629,630,1,3,630,630,630,2,630,630,9,3832,True
630,631,2,1,631,631,631,1,631,631,24,3660,True
631,632,2,1,632,632,632,3,632,632,18,1553,False
632,633,1,2,633,633,633,1,633,633,15,1444,True
633,634,2,3,634,634,634,3,634,634,9,1980,False
634,635,2,2,635,635,635,4,635,635,24,1355,False
635,636,2,3,636,636,636,2,636,636,12,1393,True
636,637,3,3,637,637,637,1,637,637,24,1376,True
637,638,2,3,638,638,638,1,638,638,60,15653,True
638,639,2,3,639,639,639,1,639,639,12,1493,True
639,640,2,1,640,640,640,1,640,640,42,4370,False
640,641,2,1,641,641,641,2,641,641,18,750,False
641,642,2,2,642,642,642,8,642,642,15,1308,True
642,643,5,3,643,643,643,2,643,643,15,4623,False
643,644,2,3,644,644,644,1,644,644,24,1851,True
644,645,2,1,645,645,645,1,645,645,18,1880,True
645,646,1,3,646,646,646,6,646,646,36,7980,False
646,647,2,1,647,647,647,3,647,647,30,4583,True
647,648,3,3,648,648,648,4,648,648,12,1386,False
648,649,2,4,649,649,649,4,649,649,24,947,False
649,650,2,1,650,650,650,2,650,650,12,684,False
650,651,2,1,651,651,651,2,651,651,48,7476,True
651,652,2,2,652,652,652,3,652,652,12,1922,False
652,653,2,1,653,653,653,4,653,653,24,2303,False
653,654,5,2,654,654,654,4,654,654,36,8086,False
654,655,2,3,655,655,655,5,655,655,24,2346,True
655,656,2,1,656,656,656,4,656,656,14,3973,True
656,657,2,2,657,657,657,4,657,657,12,888,False
657,658,1,3,658,658,658,1,658,658,48,10222,True
658,659,2,2,659,659,659,6,659,659,30,4221,True
659,660,2,2,660,660,660,3,660,660,18,6361,True
660,661,2,4,661,661,661,1,661,661,12,1297,True
661,662,1,1,662,662,662,4,662,662,12,900,False
662,663,2,3,663,663,663,3,663,663,21,2241,True
663,664,2,2,664,664,664,3,664,664,6,1050,True
664,665,2,4,665,665,665,2,665,665,6,1047,True
665,666,2,3,666,666,666,10,666,666,24,6314,True
666,667,4,2,667,667,667,3,667,667,30,3496,True
667,668,2,3,668,668,668,6,668,668,48,3609,True
668,669,2,1,669,669,669,4,669,669,12,4843,False
669,670,2,4,670,670,670,1,670,670,30,3017,True
670,671,5,3,671,671,671,6,671,671,24,4139,True
671,672,5,3,672,672,672,6,672,672,36,5742,True
672,673,2,3,673,673,673,4,673,673,60,10366,True
673,674,3,3,674,674,674,4,674,674,6,2080,True
674,675,3,3,675,675,675,6,675,675,21,2580,False
675,676,2,3,676,676,676,1,676,676,30,4530,True
676,677,2,3,677,677,677,3,677,677,24,5150,True
677,678,5,2,678,678,678,1,678,678,72,5595,False
678,679,2,1,679,679,679,1,679,679,24,2384,True
679,680,2,3,680,680,680,1,680,680,18,1453,True
680,681,2,3,681,681,681,2,681,681,6,1538,True
681,682,1,3,682,682,682,1,682,682,12,2279,True
682,683,2,3,683,683,683,1,683,683,15,1478,True
683,684,2,3,684,684,684,1,684,684,24,5103,True
684,685,5,2,685,685,685,6,685,685,36,9857,True
685,686,1,3,686,686,686,4,686,686,60,6527,True
686,687,1,4,687,687,687,1,687,687,10,1347,True
687,688,5,2,688,688,688,4,688,688,36,2862,True
688,689,5,3,689,689,689,1,689,689,9,2753,True
689,690,4,1,690,690,690,4,690,690,12,3651,True
690,691,2,1,691,691,691,3,691,691,15,975,True
691,692,5,2,692,692,692,8,692,692,15,2631,True
692,693,5,2,693,693,693,1,693,693,24,2896,True
693,694,1,1,694,694,694,4,694,694,6,4716,True
694,695,2,3,695,695,695,1,695,695,24,2284,True
695,696,3,3,696,696,696,5,696,696,6,1236,True
696,697,2,2,697,697,697,1,697,697,12,1103,True
697,698,2,3,698,698,698,4,698,698,12,926,True
698,699,2,3,699,699,699,1,699,699,18,1800,True
699,700,2,4,700,700,700,2,700,700,15,1905,True
700,701,3,3,701,701,701,3,701,701,12,1123,False
701,702,2,1,702,702,702,5,702,702,48,6331,False
702,703,5,4,703,703,703,1,703,703,24,1377,True
703,704,5,2,704,704,704,6,704,704,30,2503,True
704,705,2,2,705,705,705,6,705,705,27,2528,True
705,706,3,3,706,706,706,4,706,706,15,5324,True
706,707,5,2,707,707,707,4,707,707,48,6560,False
707,708,2,2,708,708,708,3,708,708,12,2969,False
708,709,2,2,709,709,709,1,709,709,9,1206,True
709,710,2,2,710,710,710,1,710,710,9,2118,True
710,711,3,3,711,711,711,1,711,711,18,629,True
711,712,2,1,712,712,712,2,712,712,6,1198,False
712,713,1,3,713,713,713,5,713,713,21,2476,True
713,714,2,1,714,714,714,1,714,714,9,1138,True
714,715,2,2,715,715,715,4,715,715,60,14027,False
715,716,1,3,716,716,716,5,716,716,30,7596,True
716,717,1,3,717,717,717,1,717,717,30,3077,True
717,718,2,3,718,718,718,1,718,718,18,1505,True
718,719,1,4,719,719,719,1,719,719,24,3148,True
719,720,5,2,720,720,720,5,720,720,20,6148,True
720,721,2,4,721,721,721,1,721,721,9,1337,False
721,722,4,2,722,722,722,2,722,722,6,433,False
722,723,2,1,723,723,723,4,723,723,12,1228,False
723,724,3,2,724,724,724,1,724,724,9,790,True
724,725,2,3,725,725,725,4,725,725,27,2570,False
725,726,4,3,726,726,726,4,726,726,6,250,True
726,727,3,3,727,727,727,1,727,727,15,1316,True
727,728,2,1,728,728,728,1,728,728,18,1882,False
728,729,2,2,729,729,729,6,729,729,48,6416,False
729,730,4,4,730,730,730,6,730,730,24,1275,True
730,731,2,2,731,731,731,1,731,731,24,6403,True
731,732,2,1,732,732,732,1,732,732,24,1987,False
732,733,2,2,733,733,733,1,733,733,8,760,True
733,734,4,3,734,734,734,5,734,734,24,2603,True
734,735,2,3,735,735,735,4,735,735,4,3380,True
735,736,1,2,736,736,736,7,736,736,36,3990,True
736,737,2,2,737,737,737,5,737,737,24,11560,False
737,738,5,1,738,738,738,4,738,738,18,4380,True
738,739,2,3,739,739,739,4,739,739,6,6761,True
739,740,5,2,740,740,740,6,740,740,30,4280,False
740,741,5,1,741,741,741,4,741,741,24,2325,True
741,742,2,2,742,742,742,1,742,742,10,1048,True
742,743,1,3,743,743,743,1,743,743,21,3160,True
743,744,3,1,744,744,744,3,744,744,24,2483,True
744,745,1,1,745,745,745,3,745,745,39,14179,True
745,746,2,1,746,746,746,6,746,746,13,1797,True
746,747,2,1,747,747,747,4,747,747,15,2511,True
747,748,2,1,748,748,748,4,748,748,12,1274,False
748,749,1,3,749,749,749,5,749,749,21,5248,True
749,750,2,3,750,750,750,5,750,750,15,3029,True
750,751,2,1,751,751,751,3,751,751,6,428,True
751,752,2,1,752,752,752,4,752,752,18,976,False
752,753,5,2,753,753,753,6,753,753,12,841,True
753,754,2,3,754,754,754,1,754,754,30,5771,True
754,755,4,3,755,755,755,8,755,755,12,1555,False
755,756,1,1,756,756,756,4,756,756,24,1285,False
756,757,2,4,757,757,757,4,757,757,6,1299,True
757,758,1,4,758,758,758,1,758,758,15,1271,False
758,759,2,3,759,759,759,4,759,759,24,1393,True
759,760,2,1,760,760,760,4,760,760,12,691,False
760,761,1,3,761,761,761,4,761,761,15,5045,True
761,762,2,1,762,762,762,3,762,762,18,2124,False
762,763,2,1,763,763,763,1,763,763,12,2214,True
763,764,1,3,764,764,764,4,764,764,21,12680,False
764,765,5,3,765,765,765,4,765,765,24,2463,True
765,766,2,2,766,766,766,1,766,766,12,1155,True
766,767,2,1,767,767,767,3,767,767,30,3108,False
767,768,1,3,768,768,768,5,768,768,10,2901,True
768,769,2,2,769,769,769,3,769,769,12,3617,True
769,770,2,3,770,770,770,1,770,770,12,1655,True
770,771,1,1,771,771,771,5,771,771,24,2812,True
771,772,2,1,772,772,772,2,772,772,36,8065,False
772,773,2,3,773,773,773,5,773,773,21,3275,True
773,774,5,3,774,774,774,1,774,774,24,2223,True
774,775,3,4,775,775,775,4,775,775,12,1480,True
775,776,1,1,776,776,776,4,776,776,24,1371,False
776,777,2,3,777,777,777,4,777,777,36,3535,True
777,778,2,1,778,778,778,1,778,778,18,3509,True
778,779,4,3,779,779,779,5,779,779,36,5711,True
779,780,2,2,780,780,780,8,780,780,18,3872,True
780,781,2,2,781,781,781,1,781,781,39,4933,False
781,782,4,3,782,782,782,4,782,782,24,1940,True
782,783,2,2,783,783,783,9,783,783,12,1410,True
783,784,5,2,784,784,784,4,784,784,12,836,False
784,785,1,2,785,785,785,5,785,785,20,6468,True
785,786,4,2,786,786,786,6,786,786,18,1941,True
786,787,3,3,787,787,787,1,787,787,22,2675,True
787,788,1,3,788,788,788,5,788,788,48,2751,True
788,789,2,2,789,789,789,2,789,789,48,6224,False
789,790,2,1,790,790,790,2,790,790,40,5998,False
790,791,2,2,791,791,791,6,791,791,21,1188,False
791,792,1,3,792,792,792,5,792,792,24,6313,True
792,793,1,3,793,793,793,3,793,793,6,1221,True
793,794,2,4,794,794,794,3,794,794,24,2892,True
794,795,3,3,795,795,795,3,795,795,24,3062,True
795,796,5,3,796,796,796,3,796,796,9,2301,True
796,797,1,1,797,797,797,5,797,797,18,7511,False
797,798,2,3,798,798,798,3,798,798,12,1258,True
798,799,1,3,799,799,799,4,799,799,24,717,True
799,800,1,2,800,800,800,4,800,800,9,1549,True
800,801,2,3,801,801,801,2,801,801,24,1597,True
801,802,2,2,802,802,802,1,802,802,18,1795,True
802,803,2,1,803,803,803,3,803,803,20,4272,True
803,804,1,3,804,804,804,1,804,804,12,976,True
804,805,1,2,805,805,805,4,805,805,12,7472,True
805,806,2,1,806,806,806,4,806,806,36,9271,False
806,807,2,2,807,807,807,1,807,807,6,590,True
807,808,1,3,808,808,808,1,808,808,12,930,True
808,809,2,2,809,809,809,5,809,809,42,9283,True
809,810,2,2,810,810,810,4,810,810,15,1778,False
810,811,2,2,811,811,811,6,811,811,8,907,True
811,812,2,2,812,812,812,1,812,812,6,484,True
812,813,2,1,813,813,813,5,813,813,36,9629,False
813,814,2,1,814,814,814,7,814,814,48,3051,False
814,815,2,1,815,815,815,4,815,815,48,3931,False
815,816,2,2,816,816,816,4,816,816,36,7432,True
816,817,3,3,817,817,817,7,817,817,6,1338,True
817,818,2,3,818,818,818,1,818,818,6,1554,True
818,819,2,1,819,819,819,10,819,819,36,15857,True
819,820,2,1,820,820,820,1,820,820,18,1345,False
820,821,2,3,821,821,821,4,821,821,12,1101,True
821,822,2,4,822,822,822,1,822,822,12,3016,True
822,823,2,1,823,823,823,3,823,823,36,2712,False
823,824,2,1,824,824,824,4,824,824,8,731,True
824,825,2,3,825,825,825,3,825,825,18,3780,True
825,826,2,1,826,826,826,4,826,826,21,1602,True
826,827,2,1,827,827,827,4,827,827,18,3966,False
827,828,2,3,828,828,828,6,828,828,18,4165,False
828,829,1,1,829,829,829,5,829,829,36,8335,False
829,830,1,2,830,830,830,6,830,830,48,6681,True
830,831,3,3,831,831,831,6,831,831,24,2375,True
831,832,2,1,832,832,832,4,832,832,18,1216,False
832,833,2,1,833,833,833,6,833,833,45,11816,False
833,834,1,2,834,834,834,1,834,834,24,5084,True
834,835,2,4,835,835,835,1,835,835,15,2327,False
835,836,2,1,836,836,836,4,836,836,12,1082,False
836,837,1,3,837,837,837,1,837,837,12,886,True
837,838,2,3,838,838,838,3,838,838,4,601,True
838,839,2,1,839,839,839,5,839,839,24,2957,True
839,840,2,3,840,840,840,1,840,840,24,2611,True
840,841,2,1,841,841,841,3,841,841,36,5179,False
841,842,2,3,842,842,842,5,842,842,21,2993,True
842,843,2,3,843,843,843,8,843,843,18,1943,False
843,844,2,3,844,844,844,6,844,844,24,1559,True
844,845,2,3,845,845,845,3,845,845,18,3422,True
845,846,1,2,846,846,846,3,846,846,21,3976,True
846,847,1,3,847,847,847,4,847,847,18,6761,False
847,848,2,3,848,848,848,4,848,848,24,1249,True
848,849,2,1,849,849,849,1,849,849,9,1364,True
849,850,2,1,850,850,850,1,850,850,12,709,False
850,851,2,1,851,851,851,4,851,851,20,2235,False
851,852,1,3,852,852,852,5,852,852,24,4042,True
852,853,2,3,853,853,853,1,853,853,15,1471,True
853,854,2,1,854,854,854,4,854,854,18,1442,False
854,855,2,3,855,855,855,4,855,855,36,10875,True
855,856,5,3,856,856,856,4,856,856,24,1474,True
856,857,1,3,857,857,857,9,857,857,10,894,True
857,858,2,3,858,858,858,3,858,858,15,3343,True
858,859,2,1,859,859,859,4,859,859,15,3959,False
859,860,5,3,860,860,860,4,860,860,9,3577,True
860,861,4,3,861,861,861,5,861,861,24,5804,True
861,862,2,3,862,862,862,6,862,862,18,2169,False
862,863,2,1,863,863,863,1,863,863,24,2439,False
863,864,4,3,864,864,864,3,864,864,27,4526,True
864,865,2,3,865,865,865,3,865,865,10,2210,False
865,866,3,3,866,866,866,3,866,866,15,2221,True
866,867,2,1,867,867,867,1,867,867,18,2389,True
867,868,2,3,868,868,868,3,868,868,12,3331,True
868,869,1,3,869,869,869,6,869,869,36,7409,True
869,870,2,1,870,870,870,3,870,870,12,652,True
870,871,3,3,871,871,871,3,871,871,36,7678,True
871,872,2,4,872,872,872,4,872,872,6,1343,True
872,873,5,1,873,873,873,6,873,873,24,1382,True
873,874,1,3,874,874,874,7,874,874,15,874,True
874,875,2,1,875,875,875,3,875,875,12,3590,True
875,876,4,2,876,876,876,4,876,876,11,1322,True
876,877,2,1,877,877,877,1,877,877,18,1940,True
877,878,2,3,878,878,878,1,878,878,36,3595,True
878,879,2,1,879,879,879,4,879,879,9,1422,False
879,880,1,3,880,880,880,1,880,880,30,6742,True
880,881,2,3,881,881,881,5,881,881,24,7814,True
881,882,1,3,882,882,882,5,882,882,24,9277,True
882,883,1,2,883,883,883,4,883,883,30,2181,True
883,884,2,3,884,884,884,1,884,884,18,1098,True
884,885,2,2,885,885,885,3,885,885,24,4057,False
885,886,2,1,886,886,886,2,886,886,12,795,False
886,887,1,2,887,887,887,6,887,887,24,2825,True
887,888,2,2,888,888,888,6,888,888,48,15672,False
888,889,2,3,889,889,889,4,889,889,36,6614,True
889,890,1,3,890,890,890,5,890,890,28,7824,True
890,891,2,1,891,891,891,6,891,891,27,2442,True
891,892,2,3,892,892,892,1,892,892,15,1829,True
892,893,2,1,893,893,893,4,893,893,12,2171,True
893,894,2,2,894,894,894,5,894,894,36,5800,True
894,895,1,3,895,895,895,1,895,895,18,1169,True
895,896,1,3,896,896,896,5,896,896,36,8947,True
896,897,2,1,897,897,897,1,897,897,21,2606,True
897,898,4,3,898,898,898,3,898,898,12,1592,True
898,899,1,3,899,899,899,3,899,899,15,2186,True
899,900,2,1,900,900,900,3,900,900,18,4153,False
900,901,2,1,901,901,901,4,901,901,16,2625,False
901,902,1,3,902,902,902,4,902,902,20,3485,True
902,903,1,3,903,903,903,5,903,903,36,10477,True
903,904,1,3,904,904,904,1,904,904,15,1386,True
904,905,2,3,905,905,905,1,905,905,24,1278,True
905,906,2,1,906,906,906,1,906,906,12,1107,True
906,907,1,1,907,907,907,4,907,907,21,3763,True
907,908,1,2,908,908,908,2,908,908,36,3711,True
908,909,2,3,909,909,909,5,909,909,15,3594,True
909,910,1,2,910,910,910,4,910,910,9,3195,True
910,911,2,3,911,911,911,1,911,911,36,4454,True
911,912,2,2,912,912,912,3,912,912,24,4736,False
912,913,1,2,913,913,913,1,913,913,30,2991,True
913,914,4,3,914,914,914,6,914,914,11,2142,True
914,915,2,1,915,915,915,6,915,915,24,3161,False
915,916,2,2,916,916,916,10,916,916,48,18424,False
916,917,5,3,917,917,917,5,917,917,10,2848,True
917,918,2,1,918,918,918,4,918,918,6,14896,False
918,919,5,1,919,919,919,3,919,919,24,2359,False
919,920,2,1,920,920,920,3,920,920,24,3345,False
920,921,2,3,921,921,921,3,921,921,18,1817,True
921,922,3,3,922,922,922,1,922,922,48,12749,True
922,923,2,1,923,923,923,1,923,923,9,1366,False
923,924,2,2,924,924,924,4,924,924,12,2002,True
924,925,2,1,925,925,925,3,925,925,24,6872,False
925,926,2,1,926,926,926,4,926,926,12,697,False
926,927,2,1,927,927,927,3,927,927,18,1049,True
927,928,2,1,928,928,928,5,928,928,48,10297,False
928,929,1,3,929,929,929,1,929,929,30,1867,True
929,930,2,1,930,930,930,4,930,930,12,1344,True
930,931,2,1,931,931,931,3,931,931,24,1747,True
931,932,2,2,932,932,932,1,932,932,9,1670,False
932,933,2,3,933,933,933,4,933,933,9,1224,True
933,934,3,3,934,934,934,1,934,934,12,522,True
934,935,2,1,935,935,935,1,935,935,12,1498,True
935,936,5,2,936,936,936,1,936,936,30,1919,False
936,937,2,4,937,937,937,1,937,937,9,745,False
937,938,2,2,938,938,938,1,938,938,6,2063,True
938,939,2,2,939,939,939,2,939,939,60,6288,False
939,940,1,3,940,940,940,5,940,940,24,6842,True
940,941,1,3,941,941,941,4,941,941,12,3527,True
941,942,2,3,942,942,942,4,942,942,10,1546,True
942,943,1,3,943,943,943,3,943,943,24,929,True
943,944,2,3,944,944,944,4,944,944,4,1455,True
944,945,2,1,945,945,945,3,945,945,15,1845,True
945,946,3,2,946,946,946,4,946,946,48,8358,True
946,947,3,1,947,947,947,3,947,947,24,3349,False
947,948,1,3,948,948,948,4,948,948,12,2859,True
948,949,2,3,949,949,949,3,949,949,18,1533,False
949,950,5,3,950,950,950,1,950,950,24,3621,False
950,951,2,2,951,951,951,6,951,951,18,3590,True
951,952,2,1,952,952,952,6,952,952,36,2145,False
952,953,3,2,953,953,953,5,953,953,24,4113,False
953,954,2,3,954,954,954,3,954,954,36,10974,False
954,955,2,1,955,955,955,4,955,955,12,1893,True
955,956,4,1,956,956,956,1,956,956,24,1231,True
956,957,1,4,957,957,957,1,957,957,30,3656,True
957,958,2,2,958,958,958,1,958,958,9,1154,True
958,959,2,1,959,959,959,4,959,959,28,4006,False
959,960,5,2,960,960,960,3,960,960,24,3069,True
960,961,2,3,961,961,961,1,961,961,6,1740,True
961,962,2,2,962,962,962,4,962,962,21,2353,True
962,963,1,3,963,963,963,4,963,963,15,3556,True
963,964,3,3,964,964,964,1,964,964,24,2397,False
964,965,2,2,965,965,965,8,965,965,6,454,True
965,966,1,2,966,966,966,1,966,966,30,1715,True
966,967,3,2,967,967,967,1,967,967,27,2520,False
967,968,2,3,968,968,968,1,968,968,15,3568,True
968,969,1,3,969,969,969,1,969,969,42,7166,True
969,970,2,1,970,970,970,4,970,970,11,3939,True
970,971,5,2,971,971,971,8,971,971,15,1514,True
971,972,2,3,972,972,972,4,972,972,24,7393,True
972,973,2,1,973,973,973,4,973,973,24,1193,False
973,974,2,1,974,974,974,6,974,974,60,7297,False
974,975,2,3,975,975,975,1,975,975,30,2831,True
975,976,3,4,976,976,976,1,976,976,24,1258,True
976,977,2,2,977,977,977,1,977,977,6,753,True
977,978,1,2,978,978,978,6,978,978,18,2427,True
978,979,2,3,979,979,979,4,979,979,24,2538,False
979,980,5,2,980,980,980,4,980,980,15,1264,False
980,981,2,2,981,981,981,3,981,981,30,8386,False
981,982,2,3,982,982,982,6,982,982,48,4844,False
982,983,5,4,983,983,983,4,983,983,21,2923,True
983,984,2,1,984,984,984,5,984,984,36,8229,False
984,985,2,3,985,985,985,3,985,985,24,2028,True
985,986,2,1,986,986,986,3,986,986,15,1433,True
986,987,2,4,987,987,987,6,987,987,42,6289,True
987,988,5,3,988,988,988,1,988,988,13,1409,True
988,989,2,1,989,989,989,5,989,989,24,6579,True
989,990,2,2,990,990,990,1,990,990,24,1743,True
990,991,1,3,991,991,991,2,991,991,12,3565,True
991,992,5,3,992,992,992,1,992,992,15,1569,True
992,993,1,1,993,993,993,1,993,993,18,1936,True
993,994,2,1,994,994,994,3,994,994,36,3959,True
994,995,1,3,995,995,995,4,995,995,12,2390,True
995,996,2,3,996,996,996,3,996,996,12,1736,True
996,997,2,1,997,997,997,5,997,997,30,3857,True
997,998,2,3,998,998,998,1,998,998,12,804,True
998,999,2,1,999,999,999,1,999,999,45,1845,False
999,1000,5,2,1000,1000,1000,5,1000,1000,45,4576,True
